
-- stolpe
INSERT INTO materialetype (name,details,pris) VALUES ('stolpe','97x97 mm. trykimp. Stolpe',40);
INSERT INTO materialer (id,name) VALUES (1,'stolpe');
INSERT INTO volumematerialer (volumeMaterialeId,length) VALUES (1,3000);

-- spær/rem
INSERT INTO materialetype (name,details,pris) VALUES ('spær/rem','45x195 mm. spærtræ ubh.',70););
INSERT INTO materialer (id,name) VALUES (21,'spær/rem');
INSERT INTO volumematerialer (volumeMaterialeId,length) VALUES (21,2400);
INSERT INTO materialer (id,name) VALUES (22,'spær/rem');
INSERT INTO volumematerialer (volumeMaterialeId,length) VALUES (22,2700);
INSERT INTO materialer (id,name) VALUES (23,'spær/rem');
INSERT INTO volumematerialer (volumeMaterialeId,length) VALUES (23,3000);
INSERT INTO materialer (id,name) VALUES (24,'spær/rem');
INSERT INTO volumematerialer (volumeMaterialeId,length) VALUES (24,3300);
INSERT INTO materialer (id,name) VALUES (25,'spær/rem');
INSERT INTO volumematerialer (volumeMaterialeId,length) VALUES (25,3600);
INSERT INTO materialer (id,name) VALUES (26,'spær/rem');
INSERT INTO volumematerialer (volumeMaterialeId,length) VALUES (26,3900);
INSERT INTO materialer (id,name) VALUES (27,'spær/rem');
INSERT INTO volumematerialer (volumeMaterialeId,length) VALUES (27,4200);
INSERT INTO materialer (id,name) VALUES (28,'spær/rem');
INSERT INTO volumematerialer (volumeMaterialeId,length) VALUES (28,4500);
INSERT INTO materialer (id,name) VALUES (29,'spær/rem');
INSERT INTO volumematerialer (volumeMaterialeId,length) VALUES (29,4800);
INSERT INTO materialer (id,name) VALUES (30,'spær/rem');
INSERT INTO volumematerialer (volumeMaterialeId,length) VALUES (30,5100);
INSERT INTO materialer (id,name) VALUES (31,'spær/rem');
INSERT INTO volumematerialer (volumeMaterialeId,length) VALUES (31,5400);
INSERT INTO materialer (id,name) VALUES (32,'spær/rem');
INSERT INTO volumematerialer (volumeMaterialeId,length) VALUES (32,5700);
INSERT INTO materialer (id,name) VALUES (33,'spær/rem');
INSERT INTO volumematerialer (volumeMaterialeId,length) VALUES (33,6000);
INSERT INTO materialer (id,name) VALUES (34,'spær/rem');
INSERT INTO volumematerialer (volumeMaterialeId,length) VALUES (34,6300);
INSERT INTO materialer (id,name) VALUES (35,'spær/rem');
INSERT INTO volumematerialer (volumeMaterialeId,length) VALUES (35,6600);
INSERT INTO materialer (id,name) VALUES (36,'spær/rem');
INSERT INTO volumematerialer (volumeMaterialeId,length) VALUES (36,6900);
INSERT INTO materialer (id,name) VALUES (37,'spær/rem');
INSERT INTO volumematerialer (volumeMaterialeId,length) VALUES (37,7200);
INSERT INTO materialer (id,name) VALUES (38,'spær/rem');
INSERT INTO volumematerialer (volumeMaterialeId,length) VALUES (38,7500);
INSERT INTO materialer (id,name) VALUES (39,'spær/rem');
INSERT INTO volumematerialer (volumeMaterialeId,length) VALUES (39,7800);

-- understern
INSERT INTO materialetype (name,details,pris) VALUES ('understern','25x200 mm. trykimp. Brædt',30);
INSERT INTO materialer (id,name) VALUES (51,'understern');
INSERT INTO volumematerialer (volumeMaterialeId,length) VALUES (51,2400);
INSERT INTO materialer (id,name) VALUES (52,'understern');
INSERT INTO volumematerialer (volumeMaterialeId,length) VALUES (52,2700);
INSERT INTO materialer (id,name) VALUES (53,'understern');
INSERT INTO volumematerialer (volumeMaterialeId,length) VALUES (53,3000);
INSERT INTO materialer (id,name) VALUES (54,'understern');
INSERT INTO volumematerialer (volumeMaterialeId,length) VALUES (54,3300);
INSERT INTO materialer (id,name) VALUES (55,'understern');
INSERT INTO volumematerialer (volumeMaterialeId,length) VALUES (55,3600);
INSERT INTO materialer (id,name) VALUES (56,'understern');
INSERT INTO volumematerialer (volumeMaterialeId,length) VALUES (56,3900);
INSERT INTO materialer (id,name) VALUES (57,'understern');
INSERT INTO volumematerialer (volumeMaterialeId,length) VALUES (57,4200);
INSERT INTO materialer (id,name) VALUES (58,'understern');
INSERT INTO volumematerialer (volumeMaterialeId,length) VALUES (58,4500);
INSERT INTO materialer (id,name) VALUES (59,'understern');
INSERT INTO volumematerialer (volumeMaterialeId,length) VALUES (59,4800);
INSERT INTO materialer (id,name) VALUES (60,'understern');
INSERT INTO volumematerialer (volumeMaterialeId,length) VALUES (60,5100);
INSERT INTO materialer (id,name) VALUES (61,'understern');
INSERT INTO volumematerialer (volumeMaterialeId,length) VALUES (61,5400);
INSERT INTO materialer (id,name) VALUES (62,'understern');
INSERT INTO volumematerialer (volumeMaterialeId,length) VALUES (62,5700);
INSERT INTO materialer (id,name) VALUES (63,'understern');
INSERT INTO volumematerialer (volumeMaterialeId,length) VALUES (63,6000);
INSERT INTO materialer (id,name) VALUES (64,'understern');
INSERT INTO volumematerialer (volumeMaterialeId,length) VALUES (64,6300);
INSERT INTO materialer (id,name) VALUES (65,'understern');
INSERT INTO volumematerialer (volumeMaterialeId,length) VALUES (65,6600);
INSERT INTO materialer (id,name) VALUES (66,'understern');
INSERT INTO volumematerialer (volumeMaterialeId,length) VALUES (66,6900);
INSERT INTO materialer (id,name) VALUES (67,'understern');
INSERT INTO volumematerialer (volumeMaterialeId,length) VALUES (67,7200);
INSERT INTO materialer (id,name) VALUES (68,'understern');
INSERT INTO volumematerialer (volumeMaterialeId,length) VALUES (68,7500);
INSERT INTO materialer (id,name) VALUES (69,'understern');
INSERT INTO volumematerialer (volumeMaterialeId,length) VALUES (69,7800);

-- overstern
INSERT INTO materialetype (name,details,pris) VALUES ('overstern','25x125mm. trykimp. Brædt',25);
INSERT INTO materialer (id,name) VALUES (71,'overstern');
INSERT INTO volumematerialer (volumeMaterialeId,length) VALUES (71,2400);
INSERT INTO materialer (id,name) VALUES (72,'overstern');
INSERT INTO volumematerialer (volumeMaterialeId,length) VALUES (72,2700);
INSERT INTO materialer (id,name) VALUES (73,'overstern');
INSERT INTO volumematerialer (volumeMaterialeId,length) VALUES (73,2500);
INSERT INTO materialer (id,name) VALUES (74,'overstern');
INSERT INTO volumematerialer (volumeMaterialeId,length) VALUES (74,3300);
INSERT INTO materialer (id,name) VALUES (75,'overstern');
INSERT INTO volumematerialer (volumeMaterialeId,length) VALUES (75,3600);
INSERT INTO materialer (id,name) VALUES (76,'overstern');
INSERT INTO volumematerialer (volumeMaterialeId,length) VALUES (76,3900);
INSERT INTO materialer (id,name) VALUES (77,'overstern');
INSERT INTO volumematerialer (volumeMaterialeId,length) VALUES (77,4200);
INSERT INTO materialer (id,name) VALUES (78,'overstern');
INSERT INTO volumematerialer (volumeMaterialeId,length) VALUES (78,4500);
INSERT INTO materialer (id,name) VALUES (79,'overstern');
INSERT INTO volumematerialer (volumeMaterialeId,length) VALUES (79,4800);
INSERT INTO materialer (id,name) VALUES (80,'overstern');
INSERT INTO volumematerialer (volumeMaterialeId,length) VALUES (80,5100);
INSERT INTO materialer (id,name) VALUES (81,'overstern');
INSERT INTO volumematerialer (volumeMaterialeId,length) VALUES (81,5400);
INSERT INTO materialer (id,name) VALUES (82,'overstern');
INSERT INTO volumematerialer (volumeMaterialeId,length) VALUES (82,5700);
INSERT INTO materialer (id,name) VALUES (83,'overstern');
INSERT INTO volumematerialer (volumeMaterialeId,length) VALUES (83,6000);
INSERT INTO materialer (id,name) VALUES (84,'overstern');
INSERT INTO volumematerialer (volumeMaterialeId,length) VALUES (84,6300);
INSERT INTO materialer (id,name) VALUES (85,'overstern');
INSERT INTO volumematerialer (volumeMaterialeId,length) VALUES (85,6600);
INSERT INTO materialer (id,name) VALUES (86,'overstern');
INSERT INTO volumematerialer (volumeMaterialeId,length) VALUES (86,6900);
INSERT INTO materialer (id,name) VALUES (87,'overstern');
INSERT INTO volumematerialer (volumeMaterialeId,length) VALUES (87,7200);
INSERT INTO materialer (id,name) VALUES (88,'overstern');
INSERT INTO volumematerialer (volumeMaterialeId,length) VALUES (88,7500);
INSERT INTO materialer (id,name) VALUES (89,'overstern');
INSERT INTO volumematerialer (volumeMaterialeId,length) VALUES (89,7800);

-- brædt
INSERT INTO materialetype (name,details,pris) VALUES ('brædt','19x100 mm. trykimp. Brædt',25);
INSERT INTO materialer (id,name) VALUES (100,'brædt');
INSERT INTO volumematerialer (volumeMaterialeId,length) VALUES (100,1800);
INSERT INTO materialer (id,name) VALUES (101,'brædt');
INSERT INTO volumematerialer (volumeMaterialeId,length) VALUES (101,2100);
INSERT INTO materialer (id,name) VALUES (102,'brædt');
INSERT INTO volumematerialer (volumeMaterialeId,length) VALUES (102,2400);
INSERT INTO materialer (id,name) VALUES (103,'brædt');
INSERT INTO volumematerialer (volumeMaterialeId,length) VALUES (103,2700);
INSERT INTO materialer (id,name) VALUES (104,'brædt');
INSERT INTO volumematerialer (volumeMaterialeId,length) VALUES (104,2500);
INSERT INTO materialer (id,name) VALUES (105,'brædt');
INSERT INTO volumematerialer (volumeMaterialeId,length) VALUES (105,3300);
INSERT INTO materialer (id,name) VALUES (106,'brædt');
INSERT INTO volumematerialer (volumeMaterialeId,length) VALUES (106,3600);
INSERT INTO materialer (id,name) VALUES (107,'brædt');
INSERT INTO volumematerialer (volumeMaterialeId,length) VALUES (107,3900);
INSERT INTO materialer (id,name) VALUES (108,'brædt');
INSERT INTO volumematerialer (volumeMaterialeId,length) VALUES (108,4200);
INSERT INTO materialer (id,name) VALUES (109,'brædt');
INSERT INTO volumematerialer (volumeMaterialeId,length) VALUES (109,4500);
INSERT INTO materialer (id,name) VALUES (110,'brædt');
INSERT INTO volumematerialer (volumeMaterialeId,length) VALUES (110,4800);
INSERT INTO materialer (id,name) VALUES (111,'brædt');
INSERT INTO volumematerialer (volumeMaterialeId,length) VALUES (111,5100);
INSERT INTO materialer (id,name) VALUES (112,'brædt');
INSERT INTO volumematerialer (volumeMaterialeId,length) VALUES (112,5400);
INSERT INTO materialer (id,name) VALUES (113,'brædt');
INSERT INTO volumematerialer (volumeMaterialeId,length) VALUES (113,5700);
INSERT INTO materialer (id,name) VALUES (114,'brædt');
INSERT INTO volumematerialer (volumeMaterialeId,length) VALUES (114,6000);
INSERT INTO materialer (id,name) VALUES (115,'brædt');
INSERT INTO volumematerialer (volumeMaterialeId,length) VALUES (115,6300);
INSERT INTO materialer (id,name) VALUES (116,'brædt');
INSERT INTO volumematerialer (volumeMaterialeId,length) VALUES (116,6600);
INSERT INTO materialer (id,name) VALUES (117,'brædt');
INSERT INTO volumematerialer (volumeMaterialeId,length) VALUES (117,6900);
INSERT INTO materialer (id,name) VALUES (118,'brædt');
INSERT INTO volumematerialer (volumeMaterialeId,length) VALUES (118,7200);
INSERT INTO materialer (id,name) VALUES (119,'brædt');
INSERT INTO volumematerialer (volumeMaterialeId,length) VALUES (119,7500);
INSERT INTO materialer (id,name) VALUES (120,'brædt');
INSERT INTO volumematerialer (volumeMaterialeId,length) VALUES (120,7800);

-- reglar
INSERT INTO materialetype (name,details,pris) VALUES ('reglar','45x95 mm. Reglar ub.',27);
INSERT INTO materialer (id,name) VALUES (140,'reglar');
INSERT INTO volumematerialer (volumeMaterialeId,length) VALUES (140,1800);
INSERT INTO materialer (id,name) VALUES (141,'reglar');
INSERT INTO volumematerialer (volumeMaterialeId,length) VALUES (141,2100);
INSERT INTO materialer (id,name) VALUES (142,'reglar');
INSERT INTO volumematerialer (volumeMaterialeId,length) VALUES (142,2400);
INSERT INTO materialer (id,name) VALUES (143,'reglar');
INSERT INTO volumematerialer (volumeMaterialeId,length) VALUES (143,2700);
INSERT INTO materialer (id,name) VALUES (144,'reglar');
INSERT INTO volumematerialer (volumeMaterialeId,length) VALUES (144,2700);
INSERT INTO materialer (id,name) VALUES (145,'reglar');
INSERT INTO volumematerialer (volumeMaterialeId,length) VALUES (145,3300);
INSERT INTO materialer (id,name) VALUES (146,'reglar');
INSERT INTO volumematerialer (volumeMaterialeId,length) VALUES (146,3600);
INSERT INTO materialer (id,name) VALUES (147,'reglar');
INSERT INTO volumematerialer (volumeMaterialeId,length) VALUES (147,3900);
INSERT INTO materialer (id,name) VALUES (148,'reglar');
INSERT INTO volumematerialer (volumeMaterialeId,length) VALUES (148,4200);
INSERT INTO materialer (id,name) VALUES (149,'reglar');
INSERT INTO volumematerialer (volumeMaterialeId,length) VALUES (149,4500);
INSERT INTO materialer (id,name) VALUES (150,'reglar');
INSERT INTO volumematerialer (volumeMaterialeId,length) VALUES (150,4800);
INSERT INTO materialer (id,name) VALUES (151,'reglar');
INSERT INTO volumematerialer (volumeMaterialeId,length) VALUES (151,5100);
INSERT INTO materialer (id,name) VALUES (152,'reglar');
INSERT INTO volumematerialer (volumeMaterialeId,length) VALUES (152,5400);
INSERT INTO materialer (id,name) VALUES (153,'reglar');
INSERT INTO volumematerialer (volumeMaterialeId,length) VALUES (153,5700);
INSERT INTO materialer (id,name) VALUES (154,'reglar');
INSERT INTO volumematerialer (volumeMaterialeId,length) VALUES (154,6000);
INSERT INTO materialer (id,name) VALUES (155,'reglar');
INSERT INTO volumematerialer (volumeMaterialeId,length) VALUES (155,6300);
INSERT INTO materialer (id,name) VALUES (156,'reglar');
INSERT INTO volumematerialer (volumeMaterialeId,length) VALUES (156,6600);
INSERT INTO materialer (id,name) VALUES (157,'reglar');
INSERT INTO volumematerialer (volumeMaterialeId,length) VALUES (157,6900);
INSERT INTO materialer (id,name) VALUES (158,'reglar');
INSERT INTO volumematerialer (volumeMaterialeId,length) VALUES (158,7200);
INSERT INTO materialer (id,name) VALUES (159,'reglar');
INSERT INTO volumematerialer (volumeMaterialeId,length) VALUES (159,7500);
INSERT INTO materialer (id,name) VALUES (160,'reglar');
INSERT INTO volumematerialer (volumeMaterialeId,length) VALUES (160,7800);

-- trapez plader
INSERT INTO materialetype (name,details,pris) VALUES ('trapez','Plastmo Ecolite blåtonet',40);
INSERT INTO materialer (id,name) VALUES (170,'trapez');
INSERT INTO volumematerialer (volumeMaterialeId,length) VALUES (170,3600);
INSERT INTO materialer (id,name) VALUES (171,'trapez');
INSERT INTO volumematerialer (volumeMaterialeId,length) VALUES (171,6000);

-- lægte
INSERT INTO materialetype (name,details,pris) VALUES ('lægte','38x73 mm. Lægte ubh.',42);
INSERT INTO materialer (id,name) VALUES (172,'lægte');
INSERT INTO volumematerialer (volumeMaterialeId,length) VALUES (172,3600);

-- ----------------------------
-- Records of properties
-- ----------------------------
BEGIN;
INSERT INTO `properties` VALUES ('version', '5');
COMMIT;

SET FOREIGN_KEY_CHECKS=1;

